machine,id,AUC,pAUC
ToyCar,01,0.8066774891774892,0.683526999316473
ToyCar,02,0.8758706199460916,0.7785217761384593
ToyCar,03,0.6995148247978437,0.57911760533409
ToyCar,04,0.8860377358490567,0.7341466874734005
ToyConveyor,01,0.74885625,0.6021875
ToyConveyor,02,0.6466971830985916,0.560952557449963
ToyConveyor,03,0.7274515679811031,0.5865105659316547
fan,00,0.5502457002457003,0.4963144963144963
fan,02,0.7727855153203342,0.607682158041343
fan,04,0.5830172413793104,0.5189050211736237
fan,06,0.8497229916897506,0.6616124799533459
pump,00,0.6915384615384615,0.5730585204269415
pump,02,0.6263063063063063,0.6083451872925557
pump,04,0.9731000000000001,0.871578947368421
pump,06,0.7498039215686274,0.6078431372549019
slider,00,0.9526685393258427,0.7752808988764045
slider,02,0.7890262172284643,0.6065444510151784
slider,04,0.9092696629213483,0.6268480189237138
slider,06,0.6315730337078651,0.48905972797161446
valve,00,0.6936134453781513,0.5183547103051747
valve,02,0.6354166666666667,0.5140350877192983
valve,04,0.7323333333333333,0.5210526315789473
valve,06,0.5926666666666667,0.48289473684210527
